{
  "createdAt": "2026-07-14T16:27:16.429Z",
  "baseline": {
    "engine": "effect-acp",
    "commit": "5056e395ea185683ef18b86ebb12403d8d1a0a41"
  },
  "current": {
    "engine": "official-sdk",
    "commit": "9780ff8bb23e999d2bd841453c93aaa02e01f3b8"
  },
  "setup": {
    "effectMs": 95.989417,
    "officialMs": 27.250042,
    "officialChangePercent": -71.61141003700439
  },
  "shutdown": {
    "effectMs": 1.1034579999995913,
    "officialMs": 1.451375000000553,
    "officialChangePercent": 31.52970026961521
  },
  "memory": {
    "effectAfterSetupRssBytes": 133922816,
    "officialAfterSetupRssBytes": 90931200,
    "effectMaxObservedRssBytes": 1120534528,
    "officialMaxObservedRssBytes": 2852339712,
    "officialMaxRssChangePercent": 154.55170195344485
  },
  "comparisons": [
    {
      "name": "request-sequential-256b",
      "operations": 2500,
      "effect": {
        "name": "request-sequential-256b",
        "operations": 2500,
        "samplesMs": [
          35.10000000000002, 37.38333299999999, 39.92987500000004, 39.148833999999965,
          38.50666699999999, 38.88416700000005, 36.16258300000004, 35.68999999999994,
          35.96733300000005, 35.33695799999998, 36.10487499999999, 35.459749999999985,
          35.9375409999999, 36.97841699999992, 36.51433399999996, 38.707082999999784,
          36.56874999999991, 34.993625000000065, 36.50729100000012, 35.7817500000001
        ],
        "p50Ms": 36.16258300000004,
        "p95Ms": 39.148833999999965,
        "minMs": 34.993625000000065,
        "maxMs": 39.92987500000004,
        "operationsPerSecond": 69132.22985205446,
        "afterRssBytes": 209600512,
        "afterHeapUsedBytes": 25903956,
        "maxSampleRssBytes": 209584128
      },
      "official": {
        "name": "request-sequential-256b",
        "operations": 2500,
        "samplesMs": [
          11.235792000000004, 17.681832999999983, 10.488540999999998, 16.09899999999999,
          11.307500000000005, 21.387459000000007, 9.864832999999976, 21.237874999999974,
          18.429832999999974, 10.524292000000003, 17.497415999999987, 9.70266700000002,
          18.898832999999968, 11.150041999999985, 19.477666999999997, 25.79820799999999,
          12.085833000000036, 23.653209000000004, 10.746291000000042, 22.53758300000004
        ],
        "p50Ms": 16.09899999999999,
        "p95Ms": 23.653209000000004,
        "minMs": 9.70266700000002,
        "maxMs": 25.79820799999999,
        "operationsPerSecond": 155289.1483943103,
        "afterRssBytes": 250593280,
        "afterHeapUsedBytes": 53490137,
        "maxSampleRssBytes": 250576896
      },
      "officialThroughputChangePercent": 124.62626871234276,
      "officialP50LatencyChangePercent": -55.48160926447103,
      "officialP95LatencyChangePercent": -39.58131933124745
    },
    {
      "name": "request-sequential-64k",
      "operations": 400,
      "effect": {
        "name": "request-sequential-64k",
        "operations": 400,
        "samplesMs": [
          12.343000000000075, 12.666583000000173, 11.765791000000036, 12.642959000000019,
          12.020082999999886, 11.808457999999973, 11.807833000000073, 11.645624999999882,
          12.214291000000003, 11.98112500000002, 11.700624999999945, 11.990750000000162,
          11.45641599999999, 12.19941700000004, 12.042709000000059, 12.0300000000002,
          11.985458000000108, 12.243875000000116, 12.040665999999874, 12.29641700000002
        ],
        "p50Ms": 12.020082999999886,
        "p95Ms": 12.642959000000019,
        "minMs": 11.45641599999999,
        "maxMs": 12.666583000000173,
        "operationsPerSecond": 33277.64042893912,
        "afterRssBytes": 259522560,
        "afterHeapUsedBytes": 26001429,
        "maxSampleRssBytes": 259522560
      },
      "official": {
        "name": "request-sequential-64k",
        "operations": 400,
        "samplesMs": [
          17.937041000000022, 14.884667000000036, 10.433332999999948, 12.077084000000013,
          13.066832999999974, 14.942707999999925, 9.724875000000111, 10.291000000000054,
          13.474000000000046, 10.58604200000002, 10.025332999999932, 9.110708000000045,
          14.392124999999965, 10.315666999999962, 10.180291000000011, 8.794957999999951,
          14.774000000000001, 10.017000000000053, 9.955625000000055, 9.700165999999967
        ],
        "p50Ms": 10.315666999999962,
        "p95Ms": 14.942707999999925,
        "minMs": 8.794957999999951,
        "maxMs": 17.937041000000022,
        "operationsPerSecond": 38775.970569814,
        "afterRssBytes": 449708032,
        "afterHeapUsedBytes": 52908729,
        "maxSampleRssBytes": 449708032
      },
      "officialThroughputChangePercent": 16.52259616367928,
      "officialP50LatencyChangePercent": -14.179735697332038,
      "officialP95LatencyChangePercent": 18.18995853739542
    },
    {
      "name": "request-concurrent-32-256b",
      "operations": 10240,
      "effect": {
        "name": "request-concurrent-32-256b",
        "operations": 10240,
        "samplesMs": [
          110.33120800000006, 114.41725000000042, 118.0381669999997, 134.93825000000015,
          128.49558399999978, 117.98966599999994, 115.14212499999985, 118.41495799999984,
          154.458666, 131.62741600000027, 130.66762500000004, 138.6222499999999, 122.04050000000007,
          121.07437500000015, 122.8632090000001, 128.17720800000006, 128.92841700000008,
          127.98645800000031, 130.76391599999988, 149.77212500000041
        ],
        "p50Ms": 127.98645800000031,
        "p95Ms": 149.77212500000041,
        "minMs": 110.33120800000006,
        "maxMs": 154.458666,
        "operationsPerSecond": 80008.46464553285,
        "afterRssBytes": 280526848,
        "afterHeapUsedBytes": 18997505,
        "maxSampleRssBytes": 280526848
      },
      "official": {
        "name": "request-concurrent-32-256b",
        "operations": 10240,
        "samplesMs": [
          36.868167000000085, 84.26675, 80.465375, 84.395667, 48.51800000000003, 76.61545799999999,
          74.77399999999989, 73.74675000000002, 44.903458, 78.71591700000022, 104.00766700000008,
          40.80291599999964, 42.095000000000255, 92.58950000000004, 42.90074999999979,
          223.77395799999977, 62.19612499999994, 102.12195799999972, 45.135499999999865,
          96.03937499999984
        ],
        "p50Ms": 74.77399999999989,
        "p95Ms": 104.00766700000008,
        "minMs": 36.868167000000085,
        "maxMs": 223.77395799999977,
        "operationsPerSecond": 136945.99727177917,
        "afterRssBytes": 1139605504,
        "afterHeapUsedBytes": 278993039,
        "maxSampleRssBytes": 1139605504
      },
      "officialThroughputChangePercent": 71.16438601653049,
      "officialP50LatencyChangePercent": -41.576631490184916,
      "officialP95LatencyChangePercent": -30.556058412071142
    },
    {
      "name": "notification-256b",
      "operations": 20000,
      "effect": {
        "name": "notification-256b",
        "operations": 20000,
        "samplesMs": [
          101.79333300000053, 110.61112500000036, 113.03545800000029, 121.90391699999964,
          107.54783299999963, 107.73570800000016, 108.16008299999976, 110.59737500000028,
          118.82425000000057, 113.80687500000022, 104.48895799999991, 107.04954199999975,
          126.05362499999956, 135.5706250000003, 108.45258300000023, 107.88704199999938,
          110.88037499999973, 136.6509589999996, 107.18783399999938, 130.66808300000048
        ],
        "p50Ms": 110.59737500000028,
        "p95Ms": 135.5706250000003,
        "minMs": 101.79333300000053,
        "maxMs": 136.6509589999996,
        "operationsPerSecond": 180836.11839792714,
        "afterRssBytes": 376766464,
        "afterHeapUsedBytes": 41457213,
        "maxSampleRssBytes": 376766464
      },
      "official": {
        "name": "notification-256b",
        "operations": 20000,